,TBuff Population 2021,TBuff Total Occupied Dwelling 2021,TBuff Single-detached 2021,TBuff Semi-detached 2021,TBuff Row House 2021,TBuff Apartment or Duplex 2021,TBuff Apartment fewer than 5 STY 2021,TBuff Apartment greater than 5 STY 2021,TBuff Other Single-Detached 2021,FID_PointBuffer,Adjusted Weighted Income 2021
0,844.2627292300522,307.20877896711244,67.41719581128014,26.464157808541923,16.063275034958767,25.926258954985407,29.674139695629574,135.270378175006,6.715749089971975,2,40433.36623115565
1,1009.1706311301328,341.2093303427072,56.956029373187775,32.47017606594045,77.35330618329276,22.04665844448538,56.427995795439244,93.06942975639163,3.2420529553918076,3,46733.206669401676
2,919.0110628745955,331.18284699812176,94.76461307518841,18.267564870998314,12.978364469005891,32.51673592882598,27.584703909796886,140.17247164962018,5.332714076688364,1,39173.90889403672
3,919.0110628745955,331.18284699812176,94.76461307518841,18.267564870998314,12.978364469005891,32.51673592882598,27.584703909796886,140.17247164962018,5.332714076688364,68,39173.90889403672
4,1325.9052195330007,430.8651356092327,53.03748374153639,42.5518639055446,160.90221521971122,18.23326594216601,92.64381407819982,59.97107603686705,3.6582290635692316,4,50702.44583199242
5,919.0150799358214,331.1845151470198,94.7650645530336,18.267513970740758,12.978373264628527,32.516940355823024,27.584499516380777,140.1736517198091,5.332817279088123,183,39173.95109265683
6,919.0150799358214,331.1845151470198,94.7650645530336,18.267513970740758,12.978373264628527,32.516940355823024,27.584499516380777,140.1736517198091,5.332817279088123,200,39173.95109265683
7,1399.5973018481009,443.2034330531858,58.77208639111627,51.287739721925206,200.74015239403886,19.10477510639445,103.03086341887271,9.697621723709675,1.2638536505146931,5,52980.598023741964
8,1493.5555835295202,469.9227444994685,72.45816146570331,53.55698769766948,190.74020850011507,19.37039420244696,100.69330912644352,31.928932795666164,2.300400591219241,6,51588.193684448735
9,1611.2534928652315,501.56251504736485,84.41282144647204,67.61463419913558,164.4743144162559,20.060049621532293,86.73024547211357,74.47045111603487,3.777108194356509,7,48937.651564081454
10,1891.8896166753589,581.3194122459598,92.05642537005926,93.29899211255899,177.43504764179676,24.32709427553815,73.51401172139167,112.12651712516666,6.156406771355371,8,46620.806630734136
11,941.3439749344707,324.37490919388745,67.42569411300427,25.526280993955194,62.73840759947441,24.340955059092774,43.71104288912013,98.39959808053534,3.1759780717619965,70,45760.00271523569
12,867.590870344533,316.49508371858803,75.65145228846512,22.43544118719673,14.80338448319013,27.319289905662483,27.208724160845783,143.16085856888432,6.155677923051282,69,40039.12115803603
13,1145.6600716731184,379.8271239424334,68.69885738687073,32.4351739425249,124.82082495353261,21.196520765293517,64.27449526323853,67.72613897359228,3.1761120168057424,71,49753.59718988693
14,1074.7884264426325,372.91064294121367,129.9881082477625,15.654651334477702,99.51885491203682,26.518359659564876,51.579779046727424,53.22118136669901,0.0,73,52391.305527836084
15,815.4774474541346,307.80996822821106,131.67969684000505,5.355537247170574,33.90683756714103,23.856673741607757,50.75018824962809,64.71702155395631,0.0,74,50283.255737145664
16,830.6317628281196,348.55578070108703,113.82268127562166,2.788141794606779,6.919143702752426,22.518948330431414,93.32183480236472,111.17648748164459,0.0,75,46787.98246976522
17,1222.3732786107971,410.5916530480854,97.07786774742767,26.52197558370939,137.18143654176873,22.819304229857977,69.32838342333362,58.78851038716531,2.5882886704086,72,51401.815848997125
18,1103.6674765665427,437.17219738850173,77.07314617595686,13.816589894493553,53.163269119897045,14.566433744030247,139.7267921097142,141.1958103439825,0.0,76,45212.886826110596
19,2045.2846873761487,628.7700458572488,84.20731905259662,105.13339227278769,187.7796088866409,26.981204944274197,53.29773993932924,159.6123588941726,7.534316561581277,9,44781.742835137695
20,1836.8518808586548,577.837247935088,78.57877277328174,81.49234931362376,149.6512413797805,27.99162710794855,35.74683173010877,193.69721093385263,6.439075165987473,10,43036.63865895793
21,1409.8561208230187,473.0762105734138,75.05360694803426,37.45385361679563,70.22433145318526,25.841594402799448,23.491212638013586,234.50072828137334,3.4222038169229454,11,39828.85183684561
22,1086.7120851720476,391.4452388053021,74.88965914274925,10.854794338457788,9.839638560608343,25.741946392953494,13.809242458386505,252.62157244233876,1.3442240096065556,12,37560.867622514095
23,1048.0709608669874,391.77356193147483,74.17871818605622,19.452176120783417,8.17158678735919,28.0571686083928,16.355699072317975,242.20377571865697,1.237561321818128,13,41342.73999789285
24,1097.5214140348048,430.3680751900573,63.01956246006722,34.542275700247394,29.825777494644313,23.9909625720911,29.784763001092266,246.9871733350619,1.789979696197191,14,48613.833751590304
25,1070.2409246594468,427.9303560987976,66.29789615429671,49.45736191777004,49.254050249080436,20.966821641579173,44.907573617345385,196.75607797808928,1.8744305623463453,15,58494.691636391406
26,834.7309904766867,340.0464785115358,74.3609177429481,50.21006770152705,40.81770442782317,20.5512238009073,55.5185724089526,98.08349663090765,1.998553576864501,16,63839.49145111559
27,668.6084382375986,279.1662515172028,73.28286818356436,46.872530290812456,21.567558747243204,15.547803702548203,56.00131242856469,65.3620535573933,1.5014304117506032,17,63706.750322287444
28,561.6877463173101,235.54533323260475,75.60711221697089,53.79563574116182,4.93861122071451,14.614035957554929,58.915534822249185,26.90296184940673,0.7142691594461356,18,65686.25991187058
29,589.3998420703022,243.31687739698242,71.643098437069,70.72445762709071,4.909840424267693,13.503158672131603,58.244289478775386,23.86058824166177,0.5876838264927562,19,67033.48829193921
30,607.0520746834989,249.06980785694932,62.018616949062185,81.43715013239394,5.628086052968998,12.015551138043797,60.03145653691967,28.563859624108773,0.25394748645318826,20,66492.08127503976
31,600.9352333778374,251.74165349113872,50.657955164238565,87.29020465590783,4.63679800344679,10.847719456188138,63.18217610256113,36.05704769288828,0.5181777419055672,21,65952.88111371147
32,615.905685700351,266.96166906375396,45.4359739409226,84.24757363668436,4.6404893593051355,11.033526894046513,74.79380901609542,47.41656608302163,0.5179922461122954,22,64624.03085200791
33,603.8922493170634,255.44781650056157,50.67287243232809,73.01972237719593,5.01811332202716,12.366800485062788,84.12147401654356,30.23180521408474,0.7743470582514023,23,67739.7719939811
34,615.884715227768,260.16624510564014,53.97610286492087,66.43955646083202,11.37127927416695,14.568161324111067,81.87907404345883,30.625859242263886,1.2103074662071056,24,68538.20919410819
35,659.2901823322728,303.7285404936904,81.55298936825504,23.327481604850643,1.9876035343629244,15.866143298074268,42.326291477044904,137.95952217367548,0.08840363483360478,153,59012.641358331355
36,612.1925372067479,274.28849930092116,66.80831468240905,38.143163277972185,3.250804510949037,14.22057424419816,47.47193778145545,103.82575389287737,0.39784852598285775,154,60623.9592458459
37,608.1711305108071,268.6938548997239,53.41441707546564,51.02059570153419,4.940274265596666,13.052928623556157,62.95544151687493,82.85987893304613,0.5993712952097013,155,68368.98793475362
38,578.4461754099359,239.74741278654037,48.222259792831466,65.24954413623665,13.778769437290544,13.60529057051423,72.77551985743197,25.05451689665447,0.8436467532411914,25,78197.64176031954
39,547.7094367565952,224.42513052880136,50.46535099614274,64.22995487094333,10.980438171417125,13.588132657954764,66.74929083689354,17.47022690160819,0.7212972017755798,156,82020.18978751187
40,598.315998587565,244.92001276319834,43.21707322414442,64.60448002456504,24.551315666390376,17.83794388303079,70.40608267501204,21.349595092903964,2.350194598796508,158,77691.81481736775
41,621.6181124937109,266.58318871577774,34.0588955155314,60.37568931207702,34.21890339695069,18.383345700471033,60.88566255017954,55.365386740103126,2.345482346127391,159,76210.40091206774
42,589.7006811091788,245.28142722601828,47.71313061514348,63.45901887046214,22.09377845771786,14.809960048501425,72.45105459717298,23.295575958423058,1.458782174710436,157,81274.29441046587
43,673.2153027134754,303.3543199010248,25.889925553364428,62.41212863348153,42.62797761713268,18.664730796674693,71.9522057678244,78.86572207923405,2.1807810360361004,160,77649.3847731687
44,549.4047423016416,228.6161960839473,50.547923632993474,61.81309546377545,16.099130117850873,14.162309541913295,68.59538903712888,16.16694389748386,0.9845904090491325,26,90042.26020914716
45,568.4966953809733,262.95422730562564,47.82468811035311,52.195259715557285,11.749427090090519,14.288997264265536,71.91676607550679,63.08984096907143,1.1589398143667136,27,87232.53260034806
46,568.3110919064461,269.0289711609605,46.97595040552722,41.610162077952815,14.655881262207554,12.176328185904886,67.51409667469224,84.35792849265547,1.037645839419702,28,102769.45873215969
47,600.953958397197,287.7682018934132,52.43929130136832,38.099419907727324,30.89027355186147,11.178985686282791,71.98310737147855,81.83981042586962,1.0292924105194297,29,123975.19800724133
48,789.2600111281623,371.80049201781287,53.60134569479593,34.45401156499612,35.23458702429729,9.094171413688928,75.21537204279782,163.50926209740987,0.4767098211692972,30,119032.41010983942
49,1174.9256558230556,463.6784413781285,117.36031561617033,4.906471535616251,7.633803819487795,13.367577366037809,60.10759706828687,259.4047337133721,0.0,151,88926.4576168068
50,890.2099879415946,365.40225293894275,112.82885302578647,9.34268084804194,3.028197097370275,15.911918049807566,36.21734419575508,187.69938675061354,0.07829951079658765,152,82982.74261192784
51,1573.0369857704518,674.2203275984375,82.35916367017025,2.643160962749645,8.007051176203188,7.389687037331258,135.2365681437811,436.82975489819444,0.0,150,77971.42310786601
52,1958.6328797124288,859.7851330749156,33.21701733558519,0.25614368551264216,5.487787956782967,2.8057354372765,192.03116903555312,623.7246540991147,0.0,149,61029.78378864078
53,929.9690747308152,450.98838537481464,36.72061380364157,30.103623752532418,35.33426412508747,6.474518644027735,87.78890268381053,254.64960557911954,0.19358306163621317,31,103087.24446080424
54,2065.4444999287352,877.600331351796,1.4769513131978218,0.0016547375906581663,4.445599490273902,0.08970716667551905,183.49453255270097,685.9608312863762,0.0,148,48570.95168141945
55,766.5664325128674,368.00729800516586,20.24918344145315,58.16187535537698,51.76587707569695,19.383227392754648,89.53822321849287,125.57320601997326,2.6829301592894286,161,78844.06272049707
56,979.026754470037,492.4189928015341,16.600894891078724,59.438328790237875,76.09174770303076,20.587303588438065,99.16145184242639,218.24603378874963,2.313358945725649,162,78402.49706657228
57,1053.059893312658,549.6175434503563,32.52917378018924,18.475350280637343,18.633662182271813,4.120595100643267,85.4185045292597,389.88547215497886,0.14776229526612894,32,98416.2347421717
58,1139.3194421207832,645.6027413778575,23.83284021800807,8.988176164181455,10.12914507796987,2.156919481264485,71.78378223601084,527.7236403248786,0.19028658799669992,33,96269.22083543296
59,1307.9504571045145,795.9806459333968,0.9749616266649669,1.2970796099505215,7.350332618569101,0.623174722562098,39.765653992599226,745.670876065596,0.5173487826152791,335,55658.00205583041
60,1461.7940731198287,898.1879758470315,0.9568949897662941,2.2990598846061445,9.446402703909307,0.7903358784935253,39.69547005465721,845.301232677077,0.41214833997891437,336,69162.46601647082
61,973.6092191245054,529.1300780090301,56.06356685047804,37.71207461638937,25.87078647469799,5.40779559026866,63.041260216166336,340.471929223508,0.031667992049862974,339,201105.48267971002
62,810.6710581198531,409.25101001493914,67.7828472740749,46.6924722420907,32.51656683053145,7.542297637019733,58.19755988051865,194.2037139598895,0.06490209880316704,340,224097.8628424055
63,786.3138589759836,396.40588457922547,67.1224966693957,44.854959733636164,29.27557733588327,9.174804824049952,59.60177322306429,183.6735872078988,0.13938292211678247,341,219280.2244803951
64,738.745980968573,381.02340284934394,55.7484307502629,32.46957286817341,22.106250618136457,8.465453004994203,62.44669383378492,197.7080043328238,0.17366056174122912,342,175452.7958251595
65,1114.808097821582,646.6975264854282,34.671233058077206,20.26133618492843,13.707597433447868,3.3927993114039943,54.106874867782565,520.520179834906,0.2537255410323028,338,148073.87866860474
66,622.8450675441659,280.26482100918827,12.148152747925455,18.052736553640507,9.539136690657454,11.52644165310016,114.9456361209388,109.24077635954029,4.037464592721017,38,84968.74719270939
67,571.0004666753503,260.7590070948541,13.163404810594075,28.139277534951788,13.35476119052935,10.960666992244823,134.18258616561215,56.681424222008964,3.856943284614267,39,75283.95164463203
68,756.0725870612595,365.17429964651086,11.19742529336028,14.707387933742426,7.453375780890897,10.076481276069863,87.48997318479482,230.7863597109237,3.4282300731736335,321,99012.53040080935
69,818.4564512140283,407.17953052834986,10.564478227012753,14.245901116843054,7.613354078785406,9.008025861769047,80.85506978554037,282.3517519862879,2.977725971424587,37,103403.76150625294
70,645.8514875121383,310.98216476938836,14.06330618540887,19.909623227330265,9.424005348269834,14.534824783043145,115.76432001291822,131.97805873747672,4.717271730481365,320,99611.1881238241
71,1140.2415198812264,610.7020495919037,3.7530134277251523,2.7729835050074256,2.4999688542184972,3.799442501687695,39.340207282315696,556.414058547218,2.206690849670977,324,56880.33285280352
72,1102.9903485206692,597.7739187276505,2.5099554262567247,2.626851301383537,3.1519830473095074,3.301576903341488,44.83811755556701,539.4798683758561,1.8655051011928003,325,47959.811240202274
73,1208.8568494457866,689.4624015831008,1.4729948617474387,2.564485995850873,4.562295556003166,2.47404905113022,40.0063479113605,636.7077411694756,1.4360498620650974,326,58371.45272517782
74,1145.857406660699,620.091533532623,6.742561180638329,8.632731096917531,5.989564503501995,4.529299742044907,38.64970810214584,553.9754694841188,1.9148532563311293,323,91575.41464909048
75,1083.8097738283157,592.541858020223,8.764762930285041,13.50655274743255,10.35628983897824,5.370540500686422,50.646719419109246,503.12201043353514,1.6532994765512163,36,112745.9107548073
76,1043.4454481630328,560.6300564741191,8.855385486190213,13.292297743322537,9.944123970254449,5.67697554225379,54.48300445866584,467.54528872978534,1.7762248407706682,322,113273.9599486319
77,1450.839684865476,877.8637197575395,1.165766419464149,1.685026289384863,5.2155803935725995,0.8154926932695055,32.35650313195151,836.3094173178753,0.2961218211078554,334,54065.992271816736
78,1225.111479549145,715.4782593827019,9.993211857030376,13.482677795510426,12.270944858386974,3.335451901659571,33.219751779684216,643.197124420636,0.9224789935376038,35,110311.81722197216
79,1261.7030126567363,765.648367797568,10.117096173072586,6.934177845549195,12.249704824403546,1.4686661460377755,49.58767266920602,685.457173507111,0.2760736175157694,337,96709.77767834351
80,661.6453449429334,342.2467729275819,19.241959963559882,24.75160084284281,15.606067584288247,13.453898288516214,120.40210964088061,145.4542987130536,2.62525260071986,319,120576.16175588944
81,1189.3006612506615,709.2624612642826,18.2513058260727,10.587737382918903,13.679374495415813,2.063026537133453,53.4815053604218,611.4370212294094,0.270709180952457,34,113363.7669848198
82,576.0361214055857,263.7280403708263,20.440853147715686,40.420610774797574,15.32296939288539,14.180500045245912,139.2041667722351,29.378590232642427,4.14796052851297,40,75349.78665842956
83,546.5749816524319,239.72315490676132,23.95106866339009,44.290973954756865,14.803200665736343,18.392582968588844,125.43140043966073,8.313268052939657,4.243028600274871,41,67750.21650499811
84,530.7141279477913,234.92120554925145,26.35894065586938,40.06641750659414,13.551777536300337,21.38553798792986,111.87987316197568,18.172895527272384,3.7564469768637267,42,62944.67852562393
85,640.3327593367925,312.28069120375204,34.2746949860488,28.547254478269316,14.629878078095045,15.0696220710949,112.54753248732484,104.83268249612206,2.1767484931048657,318,139276.36315620036
86,668.5390309000176,327.67038112087806,47.199015720181706,22.42732758654764,15.44929109948646,14.372208783810489,88.56118997234337,138.24199222519576,1.4760718293846455,317,154798.60066253555
87,507.12090392090164,224.6498787215479,25.174461124869968,30.72312834268931,9.050516992934014,21.83075919637557,112.32363051307398,20.19885763710002,4.6654535511775315,43,57959.06295333588
88,500.3233150586091,218.4474572324303,22.675236377496198,26.792337226801948,6.939287275917816,21.20703857125932,114.40423065545393,21.149400424426382,4.831436501563285,44,55552.91994819652
89,587.8430066917065,265.87769142454755,20.389070445208556,28.42373466126447,6.20569518519576,19.901365192429598,130.95569950040598,55.10030743010334,4.775336538322295,45,53713.27175418221
90,732.9152167713582,343.0506033142286,17.06313444203447,33.235349385886096,5.104428789807613,16.118783581391405,155.43337715291065,112.71209794751887,3.6755609796935396,46,55206.16624904334
91,781.3659329949469,379.3565072058814,19.444311642876833,34.980122720666394,4.180647235097192,15.979602046009521,156.12144009661074,146.34705768199177,2.83114590181929,47,59323.704319002725
92,754.8647411772271,368.15136083089806,25.46515619832564,33.20256781297493,5.7108165564718085,14.027996945124677,141.56848848756937,147.43364138349045,1.4859140491645948,48,64482.635122883905
93,822.1142828893177,414.03861236052774,41.2492573600094,22.285016871344407,17.00333681737825,14.91951320388434,96.10921587794662,223.11045961792883,0.8259604236530276,49,72746.023719105
94,877.2328319622824,445.02696274361756,66.1033616957359,14.902140866288594,29.872894775250856,15.683158618863079,71.30151483021929,248.83934073303186,0.47873063835464275,50,82498.76592338544
95,947.2683655782458,472.61091227121307,92.44887255520754,9.905236321043015,36.58808486114796,13.562080835113584,61.41097433717227,259.79866082591894,0.3146851602949408,51,87811.79597812322
96,894.9260118530945,432.86024596165726,112.19672676587533,9.203782911805288,28.674376223581977,15.489597455626354,53.108264508389084,215.46588901473478,0.0,52,91702.64593256926
97,701.1876451958256,305.097447004593,128.09345228952793,11.559137084843512,14.298845296153923,16.208818909090667,50.38044069062843,85.6124055024935,0.0,53,101352.9882465273
98,638.7748525694545,262.85150948618104,141.16560406707146,10.659720930551016,1.7145661362459406,14.499456052604753,59.57569074053102,36.3342137268949,0.0,54,104880.9954905102
99,858.9464242382898,399.0664192943919,141.0000132596776,7.418066723179247,15.653618963284702,10.368157092640068,69.00023906219278,156.85470099246604,0.0,55,105473.97808627118
100,973.9421468298461,472.59374872484085,137.58143494882333,3.2626045881342063,20.36351859657713,5.207109496162342,97.34879118485765,209.80290712560785,0.0,56,110014.00192492116
101,982.2694713180452,458.82227631220394,159.5860780046827,1.4154304917599416,15.342480109028337,4.175304101199147,94.86786680722733,184.7445157675246,0.0,57,122675.10846443374
102,946.8264974034962,432.18704056387895,169.49614118224568,0.27325474523597504,9.65270760880469,3.0702252640959777,88.44549667485934,163.2143136281514,0.0,58,139058.35761850287
103,824.2092471906989,365.5631176765444,169.58458982123676,0.09484672067377775,6.4598167369204065,2.8975007133363047,67.61330495927562,120.16953727359373,0.0,59,145335.47593948536
104,698.2540162355239,290.8470703433872,178.38382385441412,0.48615056733902784,3.251128469072823,3.634685308448228,38.91857293212854,65.98938563217325,0.0,60,144542.44100439126
105,659.808928031226,256.3232079932534,191.3155847460687,2.5934731012966306,0.4087198533029206,4.526837871690365,13.554953190929671,42.54987017461569,0.0,61,131739.2897969089
106,1051.1134056724436,466.6045290126871,170.2692180632569,5.383067602350548,4.865387284254525,4.811680947097121,7.543890525377225,271.8639097595263,0.0,62,87849.59959292153
107,1674.5271911973357,793.6120352423694,137.63326860877544,10.356663917160727,38.741570491582316,5.78295708358781,12.166907623720936,587.3251943818489,0.0,63,69720.69432059547
108,1963.6393737946228,948.564253809813,110.57552039296179,13.708346477151663,80.48960047524022,6.965707591987777,19.594032163175545,715.8264028863175,0.0,64,66211.49040056384
109,2349.528288580076,1151.9150601462206,90.95383304073083,17.64307551355547,116.9035502161634,8.607165891262099,23.45743235946835,891.6021013838074,0.17879450104594016,65,65426.96521602015
110,2351.8964652879085,1166.9336794304945,84.65537175384664,16.079275459786146,116.78564155100399,9.307468077949387,22.351698782580527,913.5863240300167,0.5286393515995038,66,68165.24494796095
111,2291.3875957455944,1141.1814254371716,80.42823677737697,11.77810545575178,86.16834451208348,9.234817670430536,18.90994831754968,930.7328054063971,0.5353849121535663,67,68903.03639422593
112,1139.0831749646386,381.9477563688368,148.76156848112893,0.8365341290386147,35.42861684065432,43.040254911172646,24.623700249327303,126.33527741925819,0.0,186,40627.24477595268
113,1206.7712010424036,407.31203160814044,108.46562950969043,0.6023033780177891,49.887246443408394,31.92153630253078,20.55341744022069,191.73762630746197,0.0,187,40212.69427610356
114,1060.0412017721278,368.1397231769022,149.72607322683243,5.301148519467713,11.384819401976763,44.0173027213962,27.297456411683076,128.00654490959394,2.1328980720034694,185,39595.86246747713
115,1012.7972051533235,358.5621556026085,122.20076991001598,11.989561299330877,14.742407335401193,38.916473039369876,24.828071615734412,141.73348456102772,4.686330581260671,184,39051.6394293475
116,1166.59020045706,437.033958633907,50.56534098935462,22.857008949265868,91.17243322672432,9.079048912412444,161.81514945684813,103.81500579570482,0.0,77,46435.85491185531
117,1251.0508570644056,455.74407077893625,59.849652372779296,28.06145358935175,110.82954523737533,7.8384796615341825,146.17335625696677,104.54623431827932,0.0362258702148241,78,48624.118103320914
118,1396.7010221558967,527.5432761885202,54.09533188855738,29.918158160358807,103.60130922889869,3.683033449877388,101.25422276659782,236.00502258363323,0.32116165402505803,79,48836.15779377587
119,1562.0954755004648,631.4516361759984,25.21546659294847,25.51176199602542,99.39652523709127,2.6306232600112667,55.11922677497497,424.553528317999,0.29973855483923406,80,50532.14644574323
120,1720.765871897023,719.0768613205653,7.9259013365820605,16.755502094274004,120.24678094754906,1.191700078929358,34.542375370097204,539.5658274350423,0.07804369026729252,81,52011.79740804982
121,1728.0455738390035,740.7502979746373,9.229970564646969,8.372914409820957,125.81564407077622,0.2624571620741458,26.609179054397192,571.1790503995355,0.0,82,53571.225208198084
122,1668.5462687331267,738.4503886299058,38.75460314655107,10.43731760409249,112.38398735054038,0.013918131083114465,41.98160814047496,535.0581838084597,0.0,83,55518.11079351933
123,1489.951335637019,619.2207161717591,19.816126136713738,7.140077937388919,58.72704496077856,0.0,58.693151058514005,474.7602852946141,0.0,144,46673.81880048893
124,1812.1329106510755,841.9373882579383,71.09865324821367,15.68694911332465,82.11096866941782,0.0,67.4411507864133,605.5044480925969,0.0,84,56430.899647129976
125,1711.395432176938,768.3331283705797,54.79133913791842,12.969234981925219,92.35584468077573,0.0,53.00657105460942,555.3854110300557,0.0,143,54636.608659413076
126,1904.5554607435313,927.9285021162656,89.57965314116825,17.40952789038091,44.56172767082636,0.0,123.84325483890393,651.4726414525555,0.0,85,59833.16964490505
127,1264.4395568183804,469.6451041792498,4.055347984851402,1.5608012535869489,30.970072294582724,0.09891092645979029,47.42683065477999,385.7481971843482,0.0,145,39815.17513964284
128,1717.521300208871,843.9273094243664,78.7027111900286,21.894056465273874,22.684303542686692,0.0,168.61607108253077,549.1133965109968,0.0,86,65069.03397788955
129,1552.3053993364395,766.3282828824757,63.8257388068285,23.086877387673994,9.541222801802252,0.0,207.00143059323634,458.9261090445828,0.0,87,70694.34886601697
130,1297.5468146837925,615.3150174535392,62.21915569247006,29.194331784159438,3.555659307326314,0.35629952903996026,190.59480309296688,325.1398144422417,0.0,88,79158.18571507576
131,1044.0950082218753,456.0326612054942,77.90001481092564,31.948321746105144,3.114749157802789,0.5241256497069983,133.11079090779901,206.18164796610677,0.0,89,92649.28459984093
132,811.8885547733091,327.6923097352282,100.7197536021595,25.656411209743133,4.032246901129868,0.9785434085952412,74.68387242218412,119.64980918490082,0.0,90,111339.41408273675
133,670.9841661003811,251.5289773778987,122.38382838109081,27.081219445575066,4.196873380484771,2.7123139739246263,28.782843407078943,65.29600389938388,0.0,91,136851.7787602674
134,678.4911211495291,270.09537905607175,127.8810214643462,32.8792063533447,3.038729764429756,3.642889263569925,22.608742701014293,79.6431922439757,0.062074111671890725,92,142896.74816200617
135,1859.7173880941123,733.9835240107672,3.0728717941755157,0.0,7.74581477218708,0.41365581844670396,108.60227692275403,613.0933441263242,0.0,147,42986.47162380655
136,1444.4773589194683,537.0711116349171,12.542428418922224,0.0,11.959524301380421,0.41034679919135186,57.931094247209344,454.03886468166513,0.0,146,41118.88758278714
137,765.3182485947751,331.0454443037058,111.17348029546027,47.21616702815244,6.211045446120578,4.614694968804378,30.205657372680722,130.34242584670326,0.3243146529102416,93,128285.43699052524
138,1033.3708733254525,516.8014848807766,83.340694091252,43.319925135261904,7.478121836243937,5.000709785962335,57.69510278327208,318.446927841181,0.5902870053547733,94,92724.69819402625
139,1186.396648088373,627.1053226466498,62.708667419050414,40.04111185095317,7.5183330617194555,6.817898803660547,82.01423188349362,426.00963842035,0.628484652703139,95,77451.53550030144
140,863.559132473462,418.07911684393616,94.79076585968268,22.00197733887236,3.18826884813458,6.5323663358057225,76.76094588465212,214.0509446872694,0.10824352828306687,350,126732.9676035118
141,653.8999467686068,284.9596626354914,111.21113554435027,12.658413466831389,0.8981458627766045,5.293789118679043,67.64903623577557,87.61623979440417,0.0,351,168632.77416475015
142,1095.075682803112,576.4356647485088,69.13114988919358,28.262231206385916,4.728760028160452,7.268477780543523,76.97688160777295,389.65370341533986,0.442255520272302,349,89109.93737381209
143,585.9296473298401,247.2150230688526,109.0413727632724,14.353412238556333,0.7333273699539815,4.650675766765078,59.49145766024736,58.86007202727939,0.0,352,176873.43605264637
144,885.7442893111563,444.9542060482424,77.4599963446921,19.390745531446875,6.468468567731784,12.534362969190715,68.82228714784073,259.7311659475291,1.855879364512942e-05,345,107683.14189095316
145,1019.5772655856434,525.129011449279,76.90290801234207,18.252907156700452,5.423951415753148,15.542044404915405,76.82432952284948,331.14452429503825,0.0942920572824248,346,92508.04311998456
146,1112.0669002222965,585.4034459494457,70.29069050042422,22.20281458431751,3.891449428189954,12.95915035738878,76.2966437301316,398.7791631865154,0.3158191506089879,347,84493.31893921546
147,877.098662948478,466.0643258719438,58.0071975799063,16.065047088363617,6.505818664187204,9.504101940736266,65.23187251706283,310.2308636100101,0.1487965401535284,344,113952.13731135403
148,1166.6394440304662,626.2882421678071,59.940481539444654,30.20765931486964,4.790509982423845,8.51717935243418,83.16626411025234,438.227005775328,0.35913216980995405,96,77598.28081683611
149,993.3298085130914,511.2489947837936,74.04227452857592,25.98590668446594,4.052909132842339,14.446213240493698,80.08733490912766,311.618362943823,0.3157854207972113,97,86325.20022016608
150,709.9954537635216,320.40977592588325,102.51258363511528,20.89214438302732,3.309008017486642,17.46349069160565,61.704978423827804,114.33927301579186,0.0541706096380227,98,113717.49529655642
151,564.7775368692417,227.7698424942081,110.36461325938846,8.255290991292274,1.6470605248858727,14.507137320451239,48.86611481936458,44.650568297039364,0.0,99,131472.7024131269
152,545.091149090229,216.8888778052945,103.20353872199406,1.8647305879217966,1.097372229249228,9.823160536946446,40.553305555762954,59.88873609613108,0.0,100,134650.18387586565
153,1156.4595051653966,618.8048990334559,61.38251057116008,29.665486313566934,4.887995043972843,8.949959600861009,84.06886336075148,428.7306265435624,0.34875506443870086,348,77624.07984034481
154,521.7431388411146,211.19008461702185,94.40743223916428,1.2562833581530068,0.11158617616571734,2.6467993285780116,30.566164636338847,81.42901132279911,0.0,101,134571.32901869042
155,521.1828718467112,210.96867652281125,89.78032428069149,0.9161034942948393,0.028344721330169024,2.6842315849789258,36.67629318847184,79.97113680217797,0.0,102,122646.34950879788
156,617.4415408854393,290.54743290946743,80.52039766000132,6.984373501510108,0.852008162776099,5.385305205634069,86.69544320941628,109.53997983041526,0.01858661924034381,313,118467.7628473461
157,669.2197049151465,331.28493636576485,65.65562091522624,8.4387742020608,3.5130316887045567,8.140201479218824,92.10794404625624,154.11020071345902,0.14500038662450346,314,128346.31308649636
158,595.8083110583738,224.0590556019916,105.67884506610129,2.2579360728455917,3.998248964367203,21.72816659195469,31.966193212743104,57.94866091617145,0.0,307,86935.19619991555
159,517.814190549654,202.34794778842902,100.31280863238223,1.7120268759445036,1.3774870028262556,7.4335822496500565,34.09264972277404,55.904518381433945,0.0,103,115988.05903079624
160,598.8446867764748,218.1674308180122,102.19658155431277,1.6093872253592258,2.3822599152395645,21.957236353735727,40.636651827158005,49.14301420230997,0.0,306,77429.02011624166
161,584.1148701647872,227.0298959681072,105.29111373954238,3.9555475868339474,3.798770308658901,16.216613442294456,36.06542081403403,61.11370648439701,0.0,308,89174.39111691293
162,711.9987097474287,276.05220349078235,100.04897364365169,1.4840615908901256,33.93038328466116,24.98107728033794,66.28489409446166,48.53609956458322,0.0,305,66198.2648241642
163,559.7519480589722,217.4049835030971,105.90723849247478,5.184148672061161,2.8973342573573304,12.551971843831959,36.46980189632225,53.569005856017505,0.0,104,92327.03177557192
164,561.2948452152294,230.43860199478559,78.19638205439188,15.50186132014615,5.21196023617591,19.45925728244934,58.8949643273906,51.99207247381711,0.0,106,52779.6692579538
165,530.7783703115929,213.15788003441168,79.42868341022499,16.32557307399682,3.1235206010318373,17.032719716968526,58.76778681843517,36.9335744735752,0.0,107,47902.89553882397
166,511.46622359135824,200.1797200190893,108.06676884870826,10.241764147708578,1.0110163018084606,8.657213914394577,46.6843605146673,23.680950817992674,0.0,310,95284.89006255887
167,587.1904698261022,236.3006454997416,91.07591636352596,10.28498932229351,4.562073248724263,16.28492947968884,49.391031087945386,63.86870905473696,0.0,105,68848.33556855818
168,532.8244373378986,206.46839205311812,105.69747095323505,7.227770665881525,2.1758369362846257,12.298021574760043,39.93151016314556,38.04200335790412,0.0,309,91282.50647691169
169,503.6821222734943,194.76762933174666,87.9137880528891,16.41174707856207,1.7909652342318996,15.60772829902828,45.859254675931226,25.15753786459579,0.0,108,45145.882701490336
170,583.9561655827968,222.54278196206252,88.9067865851105,19.17808113634894,1.5416791015440474,15.224816402736723,43.62984063951303,53.58305459496789,0.0,109,42398.41029449544
171,590.9117875585506,222.96325930496556,81.87350683083407,20.554817105669223,1.2144272076569018,14.353808654326942,45.63947003403482,60.11257776904787,0.0,110,40332.42076479984
172,594.8156986028679,223.4660531431445,76.53361178380418,19.912608605880504,1.188830397021538,15.298101915693401,52.276261849787055,59.372024469072294,0.0,111,40265.99676565544
173,606.6294747025327,236.54647273912113,72.16295234957347,16.66562825676004,1.033148653974627,13.192315242119406,82.2548717511149,51.4765294301842,0.0,112,40465.711671216675
174,560.7965476259347,231.6025576424182,66.32415365125689,13.043092838551976,0.6245829785806655,11.297694286449197,128.99984110885006,10.639125283445493,0.0,113,40387.15620076236
175,583.6679717793938,250.4130079907889,54.56466258350748,13.332834454854883,3.4913409451982766,8.588849644263796,153.06033215511812,16.267215320259332,0.0,114,39502.561001228
176,617.2793556545482,262.9306910113274,49.96306739338404,14.27655810520725,5.290280012347396,8.985783815994735,149.8897795849386,32.997172196840204,0.0,115,39378.43035239744
177,1885.489451127849,820.5514981995619,43.945048838259964,42.717391944694,52.35618124122956,10.603717841696001,38.77093543226221,626.9000030623434,0.0,116,48862.758124301086
178,1726.6576633365878,711.4242432090703,66.40636928002374,118.9019032741196,88.98259146414912,24.334347628622186,66.42542671251996,343.86049389006035,0.0,264,39786.720257246845
179,1944.5298775087824,842.3417071528237,56.735001900871865,95.07410705525697,73.21501443559626,19.455126081676354,57.13241199061237,536.0980413738854,0.0,265,45058.55896847298
180,2082.3079908736277,899.1205245127661,52.8229821101875,79.88597204943899,71.87271796746676,17.092160256765514,56.19444454838641,616.028415638188,0.0,266,46322.72804596974
181,1926.7143526262153,836.4214096556411,45.14399220487403,48.60854809140957,55.8424992289092,11.80366473943631,41.44794164195553,628.331603257585,0.0,267,48351.958870890034
182,1721.6499060315605,761.1773200069712,36.74312434025223,25.212519951688083,39.33393711230818,6.302218094725014,34.64912621539694,613.6736537982314,0.0,268,50857.281427362635
183,1811.1888117418644,816.3792746426526,66.01364905962002,43.029680933908175,32.54172802147046,48.46194884737046,68.98255851302372,552.2058671013154,0.0,271,55605.41403399095
184,1903.677036241675,849.923472335155,84.89446342390892,46.596308949272604,34.94723171195445,62.90501708151802,67.90501708151803,547.3350649819103,0.0,272,56932.59902116286
185,1882.7939495090602,848.8793137590746,79.72005741544048,41.2512206884284,30.80483479417658,56.252080340051926,61.01468864312604,574.1180960470975,0.0,273,57214.97572659445
186,1632.108274692279,719.4811583476898,86.94555266727447,38.076128491782875,26.324442135723228,52.85302886673132,66.23757577146425,444.614551775459,0.0,274,57030.429466165864
187,1657.8447563697146,632.3702373724791,82.47566656226549,154.05005869785006,114.05338015494753,31.544677673659113,85.06514382813776,164.7035737951861,0.0,263,33016.01584969879
188,1460.8736445174304,667.3590566354954,34.66917210631226,27.651421255689613,21.60603140648712,7.077984021507366,26.89224133968391,544.9382451304165,0.0,269,53322.70150104604
189,1555.905159401771,707.7679190978438,39.08286871078672,42.746977739123466,20.177049947098343,21.58485592285956,38.78774101516267,540.5611655147644,0.0,270,54227.58940584439
190,1459.7794834981735,613.5001630398378,108.35046053078085,41.05380377582927,28.13430451114268,60.87350653861407,73.60462552229757,298.9661079255562,0.0,275,55842.93544844403
191,1497.2435369914313,605.2808226621353,125.85414790735624,54.30129821522137,38.50958845372494,77.66189427531187,89.13559239177118,218.2421519421102,0.0,293,55065.556782597174
192,1492.5813579355718,577.5650819115027,140.4379681987915,69.61715973874682,50.77604663805534,95.68233846190348,107.20635516954498,113.46475173801232,0.0,294,54508.52614914999
193,1647.2454484566388,649.571001615659,61.87445450015239,52.639353462430925,59.714067413890874,13.404735798989092,43.921692100119685,415.2962377261208,0.0,117,42039.22480895905
194,1378.7017835713852,485.74004859250897,66.58007661689156,44.85042583190567,64.91519073195413,12.619015509384193,38.05205198598615,257.5007212597815,0.0,118,36333.84919507484
195,1138.848578218749,394.10689897789524,59.26042220601123,31.853526518514563,53.54488736307923,8.9821780097856,24.287235901262715,214.23032845513035,0.011443616235279975,119,35904.6226592901
196,1050.6039050007962,359.1870810186174,45.56442113224988,25.981286660622672,64.32211868721973,6.220643136545789,15.839671535513165,198.99078862245767,0.08936858857304394,120,34964.78346446847
197,1003.406644005406,327.5137934114531,33.33243520787219,44.36474013012456,77.40147480282782,8.478122108805055,22.950388105724045,139.24086240384327,0.05266656570812166,121,34403.60854708045
198,1712.190996340139,639.8850124906114,91.41349741570681,171.63320877389495,124.15989434904533,35.154170868105936,94.7172872896989,122.80695379415953,0.0,262,31300.842910535208
199,1919.6822379333692,719.6623113618067,103.93567610448908,196.40304141101632,138.61130872069361,40.20883680724581,107.95224000183428,132.47700229889944,0.0,261,31136.39914784011
200,1986.4257610450918,741.3345342932877,96.58566046515739,184.3845025719092,148.31630710091363,37.720678155143574,100.70482239731228,172.86114992486216,0.0,260,31009.64199060349
201,966.4151314138594,309.09706085316986,37.24042334874321,67.43744916937608,52.456885842072346,13.866864326341117,40.565040576851295,97.45835827836133,0.0,122,34793.26281887432
202,983.0620094996966,310.79128764244575,36.54470943809839,94.29008166688838,25.139381772574573,15.791087028922155,67.84437697782232,71.61532773650619,0.0,123,35801.14355235312
203,873.0934626036336,272.42420823415176,27.011308184516388,114.96867434789057,3.5310381345522615,14.13831928660371,92.89622337909248,21.068375212233835,0.0,124,37327.166871724046
204,924.25769412164,307.8006888950464,9.367390277062439,109.64178983959151,0.8423094392675766,9.92273846841343,108.04572070576796,71.17554973731745,0.0,125,38015.85683094895
205,963.463367768335,335.27223251832453,1.9614824297623368,89.95582677910178,2.688976598932259,2.6981421292617656,106.06584521260913,133.89831963079433,0.0,126,37974.35246410754
206,978.2099688422282,338.82353402742154,2.997816127984351,85.76199305100805,3.266192032528473,0.43573189736294116,102.43343791486822,146.1547043845904,0.0,127,37757.97204653091
207,1021.7895272141363,347.0841753484255,9.375806127166735,80.3971192354902,7.301956230189674,2.4619123806748515,85.62949707247154,164.027004653904,0.0,128,36965.460718933435
208,871.7018898423759,283.3020261253241,17.40902532117201,82.75253698886277,10.399727601464042,3.7853645267065756,67.72574851491245,103.4174310104573,0.0,129,36728.21178874597
209,911.2493183607362,287.8494047618128,30.314499260092543,79.64176028901836,31.08987599970185,5.1938905296229105,46.62281267948818,96.85795590926215,0.0,130,36822.98205042926
210,1022.8482624393238,330.0275165177446,57.41191122206761,73.75824822640253,33.59957277398643,9.002068935864745,22.784484992010533,134.86419176086682,0.0,131,37629.273116668104
211,1466.030623870896,474.6845945762966,77.94122311960606,64.5306723157099,26.809993767845995,11.872782433715567,12.633454046823955,281.4919644834537,0.0,132,37441.426242704045
212,2081.374206274126,666.3704957107541,94.75073779401359,36.917518275523435,18.754530874750834,18.04301244729778,3.831255204174618,495.2312406056561,0.00276939507336109,133,36649.50130506314
213,2483.7644145100853,784.5622910508428,71.59834750799693,23.27296418317182,8.846491804030478,19.29400361400314,4.7503317802828775,656.9673634320931,0.06862207954234321,134,35212.775900242515
214,2417.981107878271,770.4587038693561,51.73414930320904,5.7343450544930805,22.826347179831128,21.189841009807953,2.949638712077896,665.1810806090442,0.03464380159465897,135,33873.69489778091
215,1842.2585498202548,580.4474542542234,46.054257243774416,4.147601473379151,51.34290991233626,23.709052519362558,1.230075091138948,452.2116129841851,0.0,136,33524.47829751895
216,1150.8338010680286,353.86885174427204,44.147340927251804,3.419715998903387,99.60946355563942,24.054722690407957,2.4927093231507813,177.28698141873514,0.0,137,32830.92101872738
217,943.287607885714,292.2538940175445,45.0550832902225,2.5218813837273237,111.58214204201643,23.88579573433042,9.313980588602128,96.26649472171499,0.0,138,32286.800417115846
218,805.110481908271,239.09717054678657,51.42941977270195,4.871152097402232,99.5645013021895,28.151149921848827,15.917380572402196,37.268838283349275,0.0,139,33676.976745080516
219,674.3093477275361,201.2230847512181,54.25083223349207,6.732804640352163,63.480188838706525,30.021104378246854,19.462537060153807,26.760741888783652,0.0,140,35660.48717119647
220,759.8550389148924,250.14996064451765,52.40844889345401,6.450966372129732,25.52406783058009,30.60569980234958,20.318674133776486,114.39656765069626,0.0,141,38439.99709982935
221,1043.0119910961298,374.1606077891829,47.44884684453243,14.174528033721993,27.528112619622583,22.008146591197026,23.221078532122185,239.42360342686143,0.0,142,41268.497707121016
222,1428.445636534884,781.3212976943256,13.661411149422296,58.57827519896306,74.11559790226939,16.629470873895002,82.71177130392111,533.9005670342084,2.0240478307928105,163,82369.72731629439
223,2053.155696799199,1187.3933368973485,10.925627345880047,47.19302887299565,67.50121553235508,12.247210667235418,62.57839170694269,985.2919986283996,2.0536020156049033,164,83098.75248255544
224,2777.1000294768805,1659.2485277261562,7.957016094112096,36.35068693285861,63.84425133986614,9.193640644551454,56.83215095808845,1483.1960940389376,2.678190487675778,165,83452.92197510031
225,2667.1236766985007,1617.3351584366856,1.11106508974464,4.940038236370331,53.64039879718158,10.884792927295814,95.19993899124265,1448.1680681609694,4.658739544275725,168,77415.7548786865
226,1898.5767144538656,1125.0965246433684,2.1418119053695626,6.082676231137327,47.19917049391198,5.818745355607702,110.306259924368,949.3166855109432,4.094118970143668,169,71182.15974241421
227,3281.594229026863,1995.6130930954769,4.181491813164791,22.213084617959726,58.37926973754586,11.727062913627634,55.54401119623054,1841.673521092416,3.511442980702334,166,81032.38430294638
228,3244.6429071070315,1986.6762297240505,1.6178657650898007,7.998926131278712,55.5381988274036,14.707940931930514,71.72701023591392,1833.398911413613,4.0013661891433285,167,79202.03486774239
229,2307.4366043616396,1372.3378371405115,0.30244849745349583,0.0,1.6733947922994343,0.08473514772983086,3.9485982538963906,1365.8675571736271,0.006518088286910066,330,89438.59818965475
230,2150.4793288252117,1276.5881218297668,0.6029277541691904,0.2976620595436386,5.343821365155817,0.3788502975114378,26.875281380491597,1242.4738969663442,0.180339832008639,331,85601.19259678574
231,1638.3851022953763,978.642003325508,1.7331767957412496,4.111610576726478,25.321649609604233,3.1876228444094505,85.4115534606612,856.9430597799288,1.699846091834316,170,71647.26858902384
232,1538.8530176309462,912.6828574434369,1.041524120536141,2.1288604965852516,4.397315520044513,1.18811504046279,30.267986519170474,873.2185328435914,0.32863943457691414,333,65380.056775692996
233,1738.7671156383794,1026.107635093914,1.022597811809936,1.99311565711976,4.020159083628731,1.0202943231457804,51.45269320410708,966.1516630054302,0.26398240807877543,171,78678.61505395653
234,1937.7746929652737,1228.4292769928493,1.5094306016558634,6.701643218140721,13.76782247948542,5.159593606801271,79.02486319813207,1120.1628371751196,1.330701596051584,175,86301.82711576673
235,1677.0883339261297,1038.6810692560741,3.904667053393572,11.065538243090002,23.836287391740008,12.722483926412178,91.51925785850165,891.6656996705121,3.781932659620595,176,88955.61465800978
236,1964.7588519036208,1212.0126926186165,0.7143520416707986,3.1122695779978864,7.108408046056222,2.245070464504495,41.65471456801551,1155.621328907618,0.7207462414417616,174,83259.16368834372
237,4115.56925006506,2506.1894403743727,2.26199551239142,7.066382821685233,28.754478247362332,8.459290597164705,67.72759810376867,2386.8581070971127,3.751659086729351,178,78984.44900062814
238,2648.980519237367,1608.4045995667936,0.37259473486973826,0.01719406440327104,0.5253461032232911,0.01719406440327104,2.757121610460989,1604.0240922708372,0.0,329,85145.1991993327
239,2216.432539645777,1349.5780996681024,0.447732698050232,0.3925020703682168,2.4714918592336588,0.3792228093354736,10.350724508031858,1334.5370684234533,0.18191980851925688,328,82711.37031997678
240,2409.179434521053,1455.2606882601353,4.609412542139187,11.155345557159803,32.3369212347638,14.53708383186135,87.25221900417675,1299.7001754937485,5.305802775065149,177,84680.79677671198
241,3965.0338093286564,2400.784864719544,2.4745060820696283,3.8714161245243517,29.728512140327812,6.237054054351367,67.5292127149393,2286.1053542252744,2.928350682570393,179,78271.3818475021
242,3397.0755011359574,2057.2389139611714,3.116723893683958,3.135590176198586,30.787417037594235,11.694681683704571,73.27407596134053,1929.8300564223127,2.514277813624122,180,79431.24266998147
243,2522.8971384096867,1522.3447369661558,3.2671206048343073,2.792281836615961,24.39887802416267,11.881521137843157,75.16046661189448,1402.6042648943155,0.9435371735272187,181,81248.52195012943
244,2379.9535284402573,1435.166595107651,3.2417869962326282,2.708552488882805,22.991149233037298,11.468553039367327,76.17530195966465,1316.903278546087,0.6545098265218494,182,81373.10888016433
245,907.3583908515513,321.6413073417832,111.72683552269531,7.695135300826596,10.803821556319976,40.96392061370622,19.35343889165982,127.25340917596395,4.58041880538817,202,39067.081712842635
246,1036.069453725966,365.47740834308144,94.19322975688704,3.354207836097669,9.717324338062138,39.47165520885862,17.329520418160946,200.5408795566638,1.368190202873994,203,39570.500129258995
247,1081.4234984619627,375.1319214608625,90.89134671299429,11.12053338110856,9.779750218838746,40.434022658494364,13.834276473034429,208.39992599904792,0.39253132440995664,205,40851.21972401691
248,1252.6226565870702,418.2399486290993,57.80816694967256,1.834053804078992,80.34052741404552,17.436834331476664,10.939267378106898,245.26824715439597,0.0,188,39341.71112497194
249,863.0050578535,296.7057315244615,106.25209255634132,12.929852307356725,7.935209910425981,47.19720483594519,8.527810489719306,112.01537970025765,0.6391776544410002,206,41367.69579823248
250,749.1769334407517,250.91081561722893,113.72705820536098,12.944626310307196,1.6928647127062857,47.79685265529116,9.312666501932377,62.39253320555916,0.72980058962606,207,42970.20253357962
251,1097.0556987814305,383.04410770885073,85.3311630202957,7.039605793113191,8.66390998471121,35.17370042970384,16.330144257951527,229.8987333493792,0.05864320831909182,204,40551.97628411084
252,1330.4273661632446,426.8913102102666,36.55616807436906,4.042806127482635,129.7597064632617,9.76642342519748,3.284959149876154,239.13802962127434,0.0,189,39154.990603199374
253,1186.8497496550604,372.0700079652175,45.10144632554173,3.771717107923755,154.5985040178595,8.601108256342215,1.9259412227848198,155.35391059703088,0.0,190,39870.27123050544
254,1047.6494590006319,314.8481526426068,54.08887626986866,3.5091416385323164,194.26356606826997,9.637244943464635,1.4451478016034363,49.19139733640983,0.0,191,41034.82158927101
255,968.0068956453822,294.1314839794538,46.423948687285886,2.899859272744405,175.63626316844483,8.565410041842378,2.269230251094421,55.515429049154065,0.0,192,39718.25321984003
256,955.0638612525307,305.1042137856927,25.960319787836184,2.604801689985244,123.81736436013624,5.385342521263546,2.7737288128322213,141.9197952747297,0.0,193,36167.530409582105
257,602.8421595344539,204.67712587695837,46.39951607945681,3.1855529430080645,16.381268421200918,5.967750010688159,1.1386508118064866,133.49664283278503,0.0,196,30396.073666549826
258,680.3974960572979,207.66488306102033,33.47670354193878,3.4740890337807864,44.22109345207041,4.107675552262404,1.143285386442647,121.5481568748873,0.0,195,29379.393380829802
259,679.3900126380621,275.26719572350237,47.813884251810755,1.7300008721947528,7.5721700515831,6.966292701625256,0.13418911585364998,212.50143692040385,0.2281438491906818,197,35690.0320060611
260,1855.9328724880452,835.9464212173638,35.67343260599317,3.387259958054216,3.7085780325375577,7.576072820718702,1.4631557780427376,783.2526590998215,0.7989307970523744,198,42574.996789783814
261,912.57614669446,302.5571832003902,14.604347655716797,1.9271156089788353,70.05309468845131,2.604029540841825,1.5428382833081689,209.83742328923944,0.0,194,33004.09607337676
262,2245.0654694393947,1007.6733527294527,63.97852564358108,4.271063029139448,2.0732581668894245,8.93508337368811,3.249355389064958,923.9778122202268,0.0,214,43884.21066904401
263,2178.6644663925094,977.9023397576843,59.34698197174842,2.647770274720441,33.818382121829146,17.528273649267987,19.17017682794317,839.9922848018139,3.1716246619381323,232,43377.592190031966
264,2493.4276265340795,1154.7359586026344,65.25682458770497,2.0140496917825907,34.57351441437412,20.914711164894303,17.203330843106475,1010.6943997028719,1.7967306034532957,233,44774.477301960585
265,2072.664269341806,958.1719086930256,89.35593266356348,2.3902207821541515,28.03242243441832,26.382716805843007,16.222386766523595,794.1831072260446,0.23867676699207752,234,45887.04323899241
266,1286.3333465003836,559.0114376430046,107.01811376467809,4.064149113789579,12.699517567264817,30.44477552549565,9.431082002780592,395.67697210369244,0.007733917878647582,235,45628.50213254546
267,1582.3655384169347,655.9321544874706,61.06424492946223,2.2690989514698323,32.76146715105408,17.20244115382432,13.728054191386239,523.8348268212973,4.076967925669921,231,40778.793511919794
268,611.386295642838,215.70523583676908,109.09761610212082,7.932050880518002,2.0962683979671066,31.213821079721786,5.724176313620808,61.27118285969538,0.47973481704818016,236,43406.14655740769
269,1913.8416837406455,788.8793181519131,42.02392146841732,27.54331822963687,6.005780691783687,29.76262987605819,18.71585129539015,655.2625218829818,9.380438309713217,217,42244.38114178189
270,2860.5842081432997,1269.2255453564187,23.175222427088098,16.766983063584327,4.3599132700805265,19.15116757034848,2.5109850254727566,1196.2378209819365,6.325083159159171,216,43233.18015140113
271,3093.855291216404,1409.6282795902962,26.419537180699198,5.680007404776597,2.4478755954907374,7.424045223508533,2.0580398341725394,1363.223864354292,1.318048899653389,215,43772.43496687817
272,554.1788027929272,175.08453279826776,99.60960010714317,14.557819719203202,0.35930526990242095,27.908269536093513,13.10138931626819,19.599678735252947,2.5485770217965427,237,41809.864279769004
273,1218.177282374898,510.73110368580996,109.62049059360216,4.448848662703033,1.4758976285632526,16.05311299636408,3.8280090121537036,374.2915327885118,0.0,213,44047.50447633734
274,559.4763544225937,198.22308908447343,129.7449706424722,2.846022395485172,0.4887987675967217,20.259644122822465,3.9129535662942385,41.00429662703734,0.0,212,42921.997011301086
275,3103.8789963752565,1415.0525065580987,34.273211184868245,4.164204694042786,1.9057554207658072,5.78909340357471,2.192958353835981,1365.1655138518436,0.32699070877513126,199,43884.13669213566
276,1041.461279099633,361.56046174312456,78.96284569547272,31.867299245538536,5.519973393563616,32.402002489719386,25.51347636516269,178.8538228968843,9.58391705369505,218,40801.03779454493
277,952.6717142193278,335.5962374468486,111.4654197581213,14.831159147287076,12.553375174106218,36.50734852691041,20.90499773541901,134.8886181746922,4.7275341842836704,201,38726.94061311102
278,677.802200904664,235.0740022639022,109.78034591441319,5.5076187495898745,0.9909074844822401,40.556731981821734,6.574656335610136,68.83537600971907,0.49545374224112004,208,42756.51516669422
279,658.4504985834654,243.86803389856925,102.60387522273902,0.9490937950477469,0.21090973223283266,31.58104961216586,4.980114424001437,101.7159205044616,0.10545486611641633,209,41444.261943064004
280,625.3525996219929,238.6749458633413,100.16453259212672,0.0468807658701904,0.0,23.490470252601334,4.0865273626506005,110.18307504220847,0.0,210,40420.13741460006
281,578.7384751266696,220.37229416060046,109.77198581329061,1.0097715340851612,0.0,19.02569938184923,2.5823159839132734,88.8007319654796,0.0,211,40347.59581403544
282,760.9518764360877,238.59750472232824,98.78541448628602,28.71797502018609,5.043006693398268,24.16133496050752,28.329298090761593,50.0415275506316,6.4458538818936475,219,40182.90672646577
283,761.097228688813,238.67885760860935,98.85506576139717,28.720764684351636,5.056600707147957,24.1109518377761,28.358896885252076,50.07891558401598,6.432079935539735,239,40181.608436334485
284,699.7390832824299,221.5060819555355,94.43715598275477,24.894640045749508,3.4741649186013497,24.150823824887127,26.13612534541625,45.837707541634074,5.454840301358115,238,40646.25151465106
285,1478.7839024272523,658.5398866279404,29.489525498870325,9.922250497636282,29.227250186525154,3.5153179370479126,11.799353379991425,574.2623956816288,0.29972638931570106,221,48617.2578130588
286,1866.7001607169339,909.4043095525668,25.25064982268594,22.250653647496478,20.365278126981696,3.7970943217274318,22.883430393194445,813.1385312082053,1.0254739328640325,222,50903.85148846972
287,2307.7353245836553,1198.546794698536,21.533858169622004,33.38245935850843,18.030316983749717,4.509398032080003,35.37613125086578,1081.891526677977,1.8021610285654548,223,52225.432126386535
288,1202.5149033321018,477.72675530981246,48.8138156202648,1.4896032698632125,36.33118871870303,4.2404463659905,2.3035810286177574,384.2200724853981,3.8679173743269466e-05,220,48755.73977145773
289,1202.5149033321018,477.72675530981246,48.8138156202648,1.4896032698632125,36.33118871870303,4.2404463659905,2.3035810286177574,384.2200724853981,3.8679173743269466e-05,254,48755.73977145773
290,2375.0611178617714,1245.970469635347,27.05394421251449,32.69889811229614,17.972478242901726,7.077600524683553,34.074186310387695,1122.4563653117712,1.8522142487753586,224,51303.808016753064
291,1113.1441822062563,422.51430271767384,61.77808159158082,0.06885224436423806,41.972815037079634,4.352975455043993,0.19953643516586494,313.7275157812085,0.0,253,50207.01741076455
292,1077.7832829395443,432.5140364965735,99.449114527993,0.1763217013270956,62.22772795630022,5.880601612034202,0.14809893738281132,263.9409908703511,0.0,252,56656.76291966078
293,1815.1629140560606,914.0732475179196,61.41032530808078,22.11313431853555,17.9328633818901,12.610438755288014,22.214321577001474,773.8873639815031,1.8083684566798404,225,49763.63770213101
294,1252.5113320061932,557.9864452503443,108.68120837724909,11.225467653886785,25.963380998993937,17.36449918416572,9.493223679887526,383.220594330573,1.2187245455126636,226,48030.73065943746
295,865.7492662441925,326.98754493443147,127.79301868317232,3.9694545306095588,38.35351710764459,17.628097114467256,2.5942990901713596,137.02254200676614,0.3122848887468826,227,46746.96737883005
296,792.1338447840808,276.3552535697963,121.04245250908717,2.6741467546867206,38.85833541704217,16.744338073817246,2.2618504578447958,94.70073693704478,0.655213288085359,228,46110.1145357665
297,925.2673160000282,333.9118405289519,91.5981457336811,2.9560490039149054,41.66891276778299,13.73801502003666,8.642273471652468,173.52697487164687,2.1511423684459094,229,42002.76635394749
298,1179.101858273798,453.30316108276315,67.67581286965527,2.62310400615789,39.912055524515836,13.97111050848053,9.596033048729245,315.65062791697835,3.623009716221023,230,39604.45766231739
299,968.2154569151337,463.83594824939775,78.25946207716346,2.2447296263143466,14.028942152878749,12.107442728885832,26.980883542174304,331.6632359449182,0.0,240,63321.74845317274
300,983.7734885581806,468.85157839674133,79.6146548499496,2.734925428760645,16.13800697632333,11.398606316246713,30.014118351853575,330.5567245614377,0.0,363,63783.68296123724
301,1034.1618293552986,474.6973137300913,103.9840762533891,3.5604692478260027,21.557687429492198,8.017875081424178,64.44359954599534,274.79773798321565,0.0,362,68305.55068762955
302,1006.652235484891,486.50311720200114,81.05610842335665,0.36415450292743834,12.241896320309362,13.989379622570128,18.938816285888276,360.6734200212495,0.013949452055461017,364,60004.2124084662
303,1059.6451396645118,473.95288893063423,133.71429121337113,4.308129911571663,17.464510687371305,5.132225932608839,106.5348124941757,208.03766746035416,0.0,361,77427.71821545398
304,927.0139067638993,426.99662185801833,86.37043710152513,0.2618800971247365,15.820901564050454,14.180905006194283,15.915120071638153,294.00219835341676,0.1025707763310219,365,58417.40371337528
305,1028.1630094715026,482.0365887824513,86.15425513086683,0.4036400257504546,22.76352705033623,9.619829745209653,27.214657526373603,337.0982159638451,0.0,241,61585.66407561627
306,1037.3786705612706,455.81321917777814,103.91552272650561,0.21383728280736333,30.268276403629223,8.894809422082302,28.700498713736085,285.4206601499766,0.0,242,62145.06753214894
307,889.756250574738,352.52545671795906,113.09497150868516,0.526038131803843,26.830993729704343,8.221850661385124,20.461724411422935,185.18210796460392,0.0,243,65092.585505863906
308,1028.5414099623838,428.3316012489963,94.49653603563134,3.777445119523252,27.47527584424115,5.451633063963166,19.080184502674086,279.4523038227489,0.0,244,63040.05141512356
309,1051.0675109329695,453.6332483157787,167.80151746090803,4.0198670573184625,7.578733291322642,3.456778080331785,136.05670567793726,135.15427723589715,0.0,360,86893.4467349177
310,1046.5029367435927,457.753102207177,188.80450349562835,1.1472577887630397,3.4079411289312853,2.402835570494337,116.94902526055246,144.36343446490622,0.0,359,101833.90677263039
311,955.9033801425073,430.75032781734006,84.7816714708452,9.965704418275884,15.027560801793681,11.670745882147115,24.873706285666636,282.26470749291184,0.24050562816401772,366,56517.27121186221
312,1114.1719209807586,505.4667650988585,71.38014341711539,13.500188218123682,19.348225889781013,9.547108688649192,34.21747163030109,355.0646310105605,0.27633981001431207,367,53750.30485232644
313,1235.3786244236833,543.6635976551976,65.22559739143016,11.4523873932083,24.157791768904673,11.232991755287681,40.40266178182676,388.5975244554336,0.2593877780721263,368,50610.11274559068
314,971.720936861944,416.96701625244583,78.6009446676737,7.821016980398646,28.653699549799256,2.87918842008522,23.887328511715943,275.7381435635803,0.0,245,64347.546352748715
315,1066.8383532841608,493.58479468301914,73.74841075951385,11.980615840070051,24.448355380751966,2.2014428531165984,22.71678435997935,358.87937732244694,0.0,246,59776.01201479975
316,1944.6302275154317,984.8080580371668,101.80006308320974,16.5477269265056,47.57195596255255,2.767440604076647,7.0438459028746445,810.3967829131908,0.14748689391739822,249,55140.68357512816
317,1816.7243006708236,885.262512215902,102.73179052168808,10.615057770768278,66.73002064262823,3.6477812409990436,4.024771255877103,698.1634246197461,0.011025300298388614,250,54890.10917728622
318,1324.6770397938747,652.1411627249655,80.31334900378053,14.026941904787282,18.375595515801304,1.99700635282047,21.508999139236998,516.624811134961,0.03288306931352239,247,57370.98311334712
319,1654.4141197388253,836.8226152002783,95.95533131463364,19.026023127121544,24.180337447500577,2.1472554084734563,20.273957458765878,676.3132010588944,0.16624410609381335,248,56630.956995778884
320,1423.9378040032975,651.792584066802,109.60546895457485,3.926261818746889,66.21798812209279,5.647439585235928,2.0547097320136687,464.32707985564684,0.0,251,56287.52186381865
321,1973.5120781808098,725.3502506052466,78.35504758650262,149.89661277417892,137.78607569496518,30.660670794718413,81.76178878591577,245.30392655324547,0.0,259,31157.20943093534
322,1391.8522193136391,518.6507524339954,149.78045328381913,71.76350661567994,53.82373332215952,100.53537736739358,107.78682745109401,35.4552895204229,0.0,295,54520.73912631108
323,1143.6236504598805,419.2718368947737,139.13777113847573,53.06139189543558,39.79604392157668,78.10784368697229,88.85694042955528,21.276587922840143,0.0,296,56933.96236555838
324,1169.9482808042796,485.4482960530576,115.3955625127895,30.798586823160175,23.09894011737013,55.74695790073869,68.14288737054721,191.38264774008144,0.5087023096898221,297,57608.48048731722
325,1486.5175346281155,697.375225808511,95.15241522392603,14.793567474586498,11.096487902488647,41.34825071445105,54.87008219395304,476.231708311385,1.5498533853698435,298,54660.317686325376
326,1494.3353336147468,718.8579021726903,86.29230890925027,7.257537808659681,5.528976032862603,31.955404240602274,46.152606480774445,536.2032318064844,2.2824254109333904,299,52619.93997322156
327,1392.546236814916,669.1804445047655,86.96053785386806,2.1379514559866757,9.53695445274126,25.400689523467182,33.802700996331446,506.09508865001027,2.7553273442707864,300,50947.38975443916
328,1274.4412623873463,553.9222408778147,75.31660210176089,2.239954928920234,18.115487771629667,14.609232833652838,34.674912302085914,407.01391836121604,0.17376884299878784,277,46694.55017666295
329,1278.3480965363144,560.4872168903905,65.24509156511515,9.9023093469303,23.737144992928588,12.287990551998236,39.93317998435901,406.8769204904042,0.21299524069818299,276,49484.40248286976
330,1278.3480965363144,560.4872168903905,65.24509156511515,9.9023093469303,23.737144992928588,12.287990551998236,39.93317998435901,406.8769204904042,0.21299524069818299,369,49484.40248286976
331,1079.1110747970733,442.36862231967507,105.1655469215203,0.10981502444052288,11.186296649285046,17.862423440789012,27.761508629109724,279.7515814767956,0.0,278,45792.65245005408
332,897.536760697319,348.7202815394534,111.34198984629818,0.2519853151837858,5.181379847854625,21.416641508117177,11.419512110676234,199.1424170636185,0.0,279,45306.62364897177
333,822.4299512928256,305.5794188280767,111.52387258184389,1.9286312544545459,0.9310536958599663,23.381043380188085,3.983721346826292,164.4810616543107,0.0,280,44396.33192154766
334,903.3389433931618,328.1958217643857,108.7453173626037,1.311240898866003,1.183709326140062,27.14019157693573,3.670636098899763,186.16149326374432,0.0,281,43349.05580132024
335,1050.665709774286,374.213333567739,82.49262075044864,0.0,0.0,32.21000636185402,2.4573575736739195,257.2202798796653,0.0,282,40194.69811515738
336,1002.9937188853748,336.7631133308909,96.3642378151885,0.0,0.0,48.48678793944668,4.1031654748780335,191.69037598654745,0.0,283,40622.01737621767
337,868.0776738796949,373.0512460973721,89.03439832247075,2.180308963036423,43.75471200190303,22.892591260167197,42.1349468226312,170.49387350245348,1.874856563350161,301,50206.93285076749
338,919.6785979851076,388.70357735948,83.5777365618452,2.8091296317395598,111.44264917151314,23.806281879304258,86.80692035791652,78.3265763448104,0.8876837677129956,302,51450.860167491104
339,1027.2049404294432,440.0566269000943,72.09926749922299,2.3320555980217677,131.48375796550974,23.118035421985272,116.41612264867881,92.75677672899245,0.16335154046458594,303,51469.49090504109
340,972.9397867931057,414.4930948552469,82.18602281494417,0.9834103442788564,109.96097454278706,24.568182871331018,109.62938942509555,85.52750933847089,0.0,304,55457.47105946363
341,531.0697568511663,213.11426892248915,104.81398942621846,12.497597253473153,0.11180399987748184,6.6679561566055465,57.495931696549434,29.374511488448547,0.0,311,102680.1231552842
342,562.2795167989408,237.7985019728324,100.2322865023872,9.331747095416313,0.14321946064924254,4.729055942869604,71.61529419312706,50.0382696095244,0.0,312,120578.1199455172
343,653.1980032016434,326.99867569313585,57.16395054489791,11.018926909707401,5.52018804553673,9.086427497680269,84.08937289422147,160.77154569368693,0.14798191867866184,315,138966.34419660596
344,678.9103636080165,352.78534538531943,52.387167565037025,11.029168300372572,11.288434761527952,8.39297486554492,71.86587389967474,198.5556820958383,0.042162191907376724,316,159498.45963548552
345,767.6715901266663,407.5797215666121,51.334967179093915,22.73063105308628,10.352769245758829,9.007845904113797,58.97117976663415,254.31895974706123,0.15622086935439333,343,133171.5416231677
346,2009.487908529343,1219.385211013743,0.5931864942849983,0.629214722026941,3.0962349018287387,0.7648630184782835,17.7876077133893,1195.3594402892631,0.3688061975999964,173,81173.42795930606
347,1821.478349081663,1088.37278581727,1.0480231848477353,0.55225347469308,0.9083523062092307,0.1781310210238684,13.210101083051654,1072.0328600822058,0.03932961452899114,172,79821.84282919136
348,576.1526068522037,232.08673416975188,113.08759444013246,22.94929964102199,0.908112483139281,5.642932752305349,47.678313577826636,40.3147440942179,0.0,353,164702.88528358794
349,586.5949271375825,223.03957748946536,127.03613843022993,27.42384280788579,1.4466723359894271,7.447556405964714,38.63688568937389,19.91135411535272,0.0,354,157803.11217419506
350,684.783004221361,259.72125219304127,162.75164658916165,20.920718613010354,2.4620879272464844,6.816660447488356,28.747302963374224,36.193357986141734,0.0,355,184618.13588524968
351,724.4814800260085,277.4032351065546,184.57761938817248,8.231054093212528,3.2745498338999512,5.684556309733367,10.79175208038252,64.41516020973937,0.0,356,199638.7823031147
352,895.5344295447883,372.2557048648979,204.04271622544147,1.2420077592336574,3.8991789704663598,3.7400783920575726,38.29781225526502,121.13924341627073,0.0,357,170247.6365436074
353,1006.4764897594489,437.50430631781774,200.38450145686917,0.12066784503700868,2.7653949049988755,2.240700172891863,77.343624499988,154.33251417562883,0.0,358,128078.46947756624
354,1785.8925217739147,1055.7568557703153,0.9962878603455966,1.6464009400078576,1.7910932121749517,0.8139382715710874,37.344980638549806,1012.7740127116847,0.1900901743037608,332,81023.35098058287
355,1696.6771188527528,1019.1495168287629,0.8290595853149323,1.4975219381071136,4.164129476543454,1.3168715342777058,27.222838792520108,982.7387756455133,0.809943362432139,327,75701.02421175934
